0,0,0,0,0,0,0,0,0,0,0,0,0
0.01,0,0,0,0,0,0,0,0,0.8905,-5.6266e-27,0.97141,2.0534e-29
0.02,0,0,0.008905,-5.6266e-29,0.0097141,2.0534e-31,0,0,0.8886,-6.9707e-27,0.92225,-3.1732e-29
0.03,0,0,0.017791,-1.2597e-28,0.018937,-1.1199e-31,0.00087905,5.0918e-30,0.88099,-6.862e-27,0.87176,-1.0192e-28
0.04,8.7905e-06,5.0918e-32,0.026601,-1.9459e-28,0.027654,-1.1312e-30,0.0026034,1.6563e-29,0.87394,-6.2915e-27,0.82282,-1.6236e-28
0.05,3.4824e-05,2.1655e-31,0.03534,-2.5751e-28,0.035883,-2.7548e-30,0.0051367,3.4389e-29,0.86742,-5.6011e-27,0.77542,-2.0794e-28
0.06,8.6191e-05,5.6044e-31,0.044014,-3.1352e-28,0.043637,-4.8342e-30,0.0084411,5.8099e-29,0.86137,-4.9063e-27,0.7295,-2.3943e-28
0.07,0.0001706,1.1414e-30,0.052628,-3.6258e-28,0.050932,-7.2285e-30,0.012478,8.7094e-29,0.85573,-4.2439e-27,0.68505,-2.5883e-28
0.08,0.00029539,2.0124e-30,0.061185,-4.0502e-28,0.057782,-9.8168e-30,0.017209,1.2076e-28,0.85044,-3.6244e-27,0.64203,-2.6821e-28
0.09,0.00046748,3.2199e-30,0.06969,-4.4126e-28,0.064203,-1.2499e-29,0.022596,1.5848e-28,0.84545,-3.0491e-27,0.6004,-2.6941e-28
0.1,0.00069344,4.8047e-30,0.078144,-4.7176e-28,0.070206,-1.5193e-29,0.028598,1.9969e-28,0.84072,-2.5168e-27,0.56013,-2.6405e-28
0.11,0.00097942,6.8016e-30,0.086551,-4.9692e-28,0.075808,-1.7833e-29,0.035179,2.4384e-28,0.83619,-2.0251e-27,0.52119,-2.5351e-28
0.12,0.0013312,9.24e-30,0.094913,-5.1717e-28,0.08102,-2.0369e-29,0.042299,2.9043e-28,0.83184,-1.5717e-27,0.48356,-2.39e-28
0.13,0.0017542,1.2144e-29,0.10323,-5.3289e-28,0.085855,-2.2759e-29,0.049922,3.3899e-28,0.82762,-1.1543e-27,0.44721,-2.2154e-28
0.14,0.0022534,1.5534e-29,0.11151,-5.4443e-28,0.090327,-2.4974e-29,0.058011,3.8908e-28,0.8235,-7.7067e-28,0.4121,-2.0199e-28
0.15,0.0028335,1.9425e-29,0.11974,-5.5214e-28,0.094448,-2.6994e-29,0.06653,4.4028e-28,0.81946,-4.1883e-28,0.3782,-1.8111e-28
0.16,0.0034988,2.3828e-29,0.12794,-5.5633e-28,0.09823,-2.8805e-29,0.075445,4.9223e-28,0.81547,-9.6791e-29,0.3455,-1.5951e-28
0.17,0.0042533,2.875e-29,0.13609,-5.573e-28,0.10169,-3.04e-29,0.084721,5.4459e-28,0.8115,1.9725e-28,0.31396,-1.3771e-28
0.18,0.0051005,3.4196e-29,0.14421,-5.5532e-28,0.10483,-3.1777e-29,0.094327,5.9703e-28,0.80754,4.6502e-28,0.28357,-1.1615e-28
0.19,0.0060438,4.0166e-29,0.15228,-5.5067e-28,0.10766,-3.2939e-29,0.10423,6.4927e-28,0.80356,7.0813e-28,0.25428,-9.5178e-29
0.2,0.0070861,4.6659e-29,0.16032,-5.4359e-28,0.1102,-3.3891e-29,0.1144,7.0105e-28,0.79955,9.2811e-28,0.22609,-7.5065e-29
0.21,0.00823,5.367e-29,0.16831,-5.3431e-28,0.11246,-3.4641e-29,0.12481,7.5214e-28,0.79551,1.1264e-27,0.19896,-5.6034e-29
0.22,0.0094781,6.1191e-29,0.17627,-5.2305e-28,0.11445,-3.5202e-29,0.13542,8.0231e-28,0.7914,1.3044e-27,0.17287,-3.825e-29
0.23,0.010832,6.9214e-29,0.18418,-5.1e-28,0.11618,-3.5584e-29,0.14622,8.5139e-28,0.78723,1.4633e-27,0.1478,-2.1835e-29
0.24,0.012295,7.7728e-29,0.19206,-4.9537e-28,0.11766,-3.5802e-29,0.15717,8.9919e-28,0.78299,1.6044e-27,0.12373,-6.8675e-30
0.25,0.013866,8.672e-29,0.19989,-4.7933e-28,0.1189,-3.5871e-29,0.16826,9.4557e-28,0.77867,1.7288e-27,0.10062,6.6043e-30
0.26,0.015549,9.6176e-29,0.20767,-4.6204e-28,0.1199,-3.5805e-29,0.17945,9.904e-28,0.77427,1.8377e-27,0.078472,1.8562e-29
0.27,0.017343,1.0608e-28,0.21541,-4.4366e-28,0.12069,-3.5619e-29,0.19073,1.0336e-27,0.76978,1.932e-27,0.057248,2.9012e-29
0.28,0.019251,1.1642e-28,0.22311,-4.2434e-28,0.12126,-3.5329e-29,0.20207,1.075e-27,0.76519,2.0127e-27,0.03693,3.7979e-29
0.29,0.021271,1.2716e-28,0.23076,-4.0422e-28,0.12163,-3.495e-29,0.21346,1.1145e-27,0.76051,2.0808e-27,0.017498,4.5505e-29
0.3,0.023406,1.3831e-28,0.23837,-3.8341e-28,0.12181,-3.4494e-29,0.22486,1.1521e-27,0.75574,2.1371e-27,-0.0010707,5.1646e-29
0.31,0.025655,1.4983e-28,0.24593,-3.6204e-28,0.1218,-3.3978e-29,0.23628,1.1877e-27,0.75088,2.1826e-27,-0.018796,5.6468e-29
0.32,0.028017,1.6171e-28,0.25344,-3.4021e-28,0.12161,-3.3413e-29,0.24768,1.2213e-27,0.74592,2.2178e-27,-0.035697,6.0045e-29
0.33,0.030494,1.7392e-28,0.26089,-3.1803e-28,0.12125,-3.2813e-29,0.25905,1.2528e-27,0.74087,2.2437e-27,-0.051796,6.2457e-29
0.34,0.033085,1.8645e-28,0.2683,-2.956e-28,0.12073,-3.2188e-29,0.27038,1.2822e-27,0.73573,2.2608e-27,-0.067113,6.3789e-29
0.35,0.035788,1.9927e-28,0.27566,-2.7299e-28,0.12006,-3.155e-29,0.28164,1.3095e-27,0.7305,2.2699e-27,-0.081666,6.4126e-29
0.36,0.038605,2.1237e-28,0.28297,-2.5029e-28,0.11924,-3.0909e-29,0.29284,1.3347e-27,0.72519,2.2716e-27,-0.095476,6.3557e-29
0.37,0.041533,2.2571e-28,0.29022,-2.2757e-28,0.11829,-3.0274e-29,0.30395,1.3577e-27,0.7198,2.2665e-27,-0.10856,6.2171e-29
0.38,0.044573,2.3929e-28,0.29742,-2.0491e-28,0.1172,-2.9652e-29,0.31496,1.3786e-27,0.71434,2.2551e-27,-0.12094,6.0053e-29
0.39,0.047722,2.5308e-28,0.30456,-1.8236e-28,0.11599,-2.9051e-29,0.32585,1.3974e-27,0.7088,2.238e-27,-0.13264,5.729e-29
0.4,0.050981,2.6705e-28,0.31165,-1.5998e-28,0.11467,-2.8478e-29,0.33663,1.414e-27,0.7032,2.2156e-27,-0.14366,5.3964e-29
0.41,0.054347,2.8119e-28,0.31868,-1.3782e-28,0.11323,-2.7939e-29,0.34728,1.4286e-27,0.69753,2.1884e-27,-0.15404,5.0155e-29
0.42,0.05782,2.9548e-28,0.32565,-1.1594e-28,0.11169,-2.7437e-29,0.35778,1.4411e-27,0.69181,2.157e-27,-0.16379,4.5938e-29
0.43,0.061398,3.0989e-28,0.33257,-9.4367e-29,0.11005,-2.6978e-29,0.36814,1.4516e-27,0.68603,2.1215e-27,-0.17292,4.1387e-29
0.44,0.065079,3.244e-28,0.33943,-7.3152e-29,0.10832,-2.6564e-29,0.37833,1.4601e-27,0.68021,2.0826e-27,-0.18146,3.657e-29
0.45,0.068862,3.39e-28,0.34624,-5.2326e-29,0.10651,-2.6198e-29,0.38836,1.4666e-27,0.67434,2.0405e-27,-0.18941,3.155e-29
0.46,0.072746,3.5367e-28,0.35298,-3.1921e-29,0.10462,-2.5883e-29,0.39822,1.4712e-27,0.66844,1.9955e-27,-0.19681,2.6388e-29
0.47,0.076728,3.6838e-28,0.35966,-1.1966e-29,0.10265,-2.5619e-29,0.4079,1.4739e-27,0.66251,1.948e-27,-0.20367,2.1139e-29
0.48,0.080807,3.8312e-28,0.36629,7.5142e-30,0.10061,-2.5407e-29,0.41739,1.4748e-27,0.65655,1.8983e-27,-0.20999,1.5854e-29
0.49,0.084981,3.9787e-28,0.37285,2.6498e-29,0.098511,-2.5249e-29,0.42669,1.4739e-27,0.65056,1.8467e-27,-0.21581,1.0578e-29
0.5,0.089248,4.1261e-28,0.37936,4.4965e-29,0.096353,-2.5143e-29,0.43579,1.4712e-27,0.64456,1.7934e-27,-0.22113,5.3554e-30
0.51,0.093606,4.2732e-28,0.3858,6.2899e-29,0.094141,-2.509e-29,0.44469,1.4668e-27,0.63855,1.7387e-27,-0.22598,2.2288e-31
0.52,0.098053,4.4199e-28,0.39219,8.0287e-29,0.091882,-2.5087e-29,0.45338,1.4608e-27,0.63253,1.6828e-27,-0.23036,-4.7853e-30
0.53,0.10259,4.566e-28,0.39852,9.7115e-29,0.089578,-2.5135e-29,0.46187,1.4531e-27,0.62651,1.6259e-27,-0.2343,-9.6392e-30
0.54,0.10721,4.7113e-28,0.40478,1.1337e-28,0.087235,-2.5232e-29,0.47014,1.4439e-27,0.62049,1.5683e-27,-0.2378,-1.4313e-29
0.55,0.11191,4.8557e-28,0.41099,1.2906e-28,0.084857,-2.5375e-29,0.47819,1.4333e-27,0.61447,1.51e-27,-0.24089,-1.8783e-29
0.56,0.11669,4.999e-28,0.41713,1.4416e-28,0.082448,-2.5563e-29,0.48603,1.4211e-27,0.60847,1.4513e-27,-0.24357,-2.303e-29
0.57,0.12155,5.1411e-28,0.42321,1.5867e-28,0.080012,-2.5793e-29,0.49364,1.4076e-27,0.60248,1.3923e-27,-0.24587,-2.7039e-29
0.58,0.12649,5.2819e-28,0.42924,1.7259e-28,0.077554,-2.6063e-29,0.50103,1.3927e-27,0.59651,1.3332e-27,-0.2478,-3.0797e-29
0.59,0.1315,5.4211e-28,0.4352,1.8593e-28,0.075076,-2.6371e-29,0.50819,1.3766e-27,0.59056,1.2741e-27,-0.24936,-3.4292e-29
0.6,0.13658,5.5588e-28,0.44111,1.9867e-28,0.072582,-2.6714e-29,0.51512,1.3592e-27,0.58464,1.2152e-27,-0.25058,-3.7518e-29
0.61,0.14173,5.6947e-28,0.44696,2.1082e-28,0.070076,-2.7089e-29,0.52182,1.3407e-27,0.57875,1.1565e-27,-0.25147,-4.0469e-29
0.62,0.14695,5.8288e-28,0.45274,2.2238e-28,0.067562,-2.7494e-29,0.5283,1.321e-27,0.57288,1.0982e-27,-0.25204,-4.3142e-29
0.63,0.15223,5.9609e-28,0.45847,2.3337e-28,0.065041,-2.7925e-29,0.53454,1.3003e-27,0.56706,1.0403e-27,-0.25231,-4.5537e-29
0.64,0.15758,6.0909e-28,0.46414,2.4377e-28,0.062518,-2.8381e-29,0.54055,1.2785e-27,0.56127,9.8299e-28,-0.25228,-4.7653e-29
0.65,0.16298,6.2188e-28,0.46976,2.536e-28,0.059995,-2.8857e-29,0.54633,1.2558e-27,0.55552,9.2631e-28,-0.25198,-4.9494e-29
0.66,0.16844,6.3444e-28,0.47531,2.6286e-28,0.057475,-2.9352e-29,0.55188,1.2322e-27,0.54981,8.7034e-28,-0.2514,-5.1064e-29
0.67,0.17396,6.4676e-28,0.48081,2.7156e-28,0.054961,-2.9863e-29,0.5572,1.2077e-27,0.54415,8.1514e-28,-0.25057,-5.2368e-29
0.68,0.17954,6.5883e-28,0.48625,2.7972e-28,0.052456,-3.0387e-29,0.56229,1.1824e-27,0.53854,7.6078e-28,-0.24949,-5.3413e-29
0.69,0.18516,6.7066e-28,0.49164,2.8732e-28,0.049961,-3.0921e-29,0.56715,1.1563e-27,0.53297,7.0732e-28,-0.24818,-5.4206e-29
0.7,0.19083,6.8222e-28,0.49697,2.944e-28,0.047479,-3.1463e-29,0.57178,1.1295e-27,0.52746,6.548e-28,-0.24665,-5.4756e-29
0.71,0.19655,6.9352e-28,0.50224,3.0094e-28,0.045013,-3.201e-29,0.57618,1.1021e-27,0.522,6.0328e-28,-0.24491,-5.5073e-29
0.72,0.20231,7.0454e-28,0.50746,3.0698e-28,0.042564,-3.2561e-29,0.58035,1.074e-27,0.51659,5.5278e-28,-0.24296,-5.5166e-29
0.73,0.20811,7.1528e-28,0.51263,3.1251e-28,0.040134,-3.3113e-29,0.5843,1.0454e-27,0.51123,5.0336e-28,-0.24083,-5.5045e-29
0.74,0.21396,7.2573e-28,0.51774,3.1754e-28,0.037726,-3.3663e-29,0.58803,1.0163e-27,0.50594,4.5503e-28,-0.23851,-5.4723e-29
0.75,0.21984,7.3589e-28,0.5228,3.2209e-28,0.035341,-3.421e-29,0.59154,9.8663e-28,0.5007,4.0782e-28,-0.23603,-5.4209e-29
0.76,0.22575,7.4576e-28,0.52781,3.2617e-28,0.03298,-3.4753e-29,0.59482,9.5657e-28,0.49551,3.6177e-28,-0.23338,-5.3517e-29
0.77,0.2317,7.5533e-28,0.53276,3.2979e-28,0.030646,-3.5288e-29,0.59789,9.2612e-28,0.49039,3.1689e-28,-0.23059,-5.2656e-29
0.78,0.23768,7.6459e-28,0.53766,3.3295e-28,0.028341,-3.5814e-29,0.60074,8.9532e-28,0.48532,2.7319e-28,-0.22765,-5.164e-29
0.79,0.24369,7.7354e-28,0.54252,3.3569e-28,0.026064,-3.6331e-29,0.60338,8.6422e-28,0.48032,2.3069e-28,-0.22457,-5.048e-29
0.8,0.24972,7.8218e-28,0.54732,3.3799e-28,0.023818,-3.6835e-29,0.60581,8.3285e-28,0.47537,1.8941e-28,-0.22137,-4.9187e-29
0.81,0.25578,7.9051e-28,0.55207,3.3989e-28,0.021605,-3.7327e-29,0.60803,8.0125e-28,0.47048,1.4934e-28,-0.21806,-4.7773e-29
0.82,0.26186,7.9852e-28,0.55678,3.4138e-28,0.019424,-3.7805e-29,0.61004,7.6947e-28,0.46566,1.105e-28,-0.21464,-4.625e-29
0.83,0.26796,8.0622e-28,0.56144,3.4249e-28,0.017278,-3.8268e-29,0.61186,7.3753e-28,0.46089,7.2885e-29,-0.21111,-4.4629e-29
0.84,0.27408,8.1359e-28,0.56604,3.4321e-28,0.015167,-3.8714e-29,0.61347,7.0547e-28,0.45619,3.6499e-29,-0.20749,-4.2921e-29
0.85,0.28021,8.2065e-28,0.57061,3.4358e-28,0.013092,-3.9143e-29,0.61489,6.7334e-28,0.45154,1.3404e-30,-0.20379,-4.1136e-29
0.86,0.28636,8.2738e-28,0.57512,3.4359e-28,0.011054,-3.9554e-29,0.61611,6.4116e-28,0.44696,-3.2594e-29,-0.20001,-3.9285e-29
0.87,0.29252,8.3379e-28,0.57959,3.4327e-28,0.0090536,-3.9947e-29,0.61714,6.0897e-28,0.44243,-6.5309e-29,-0.19616,-3.7377e-29
0.88,0.29869,8.3988e-28,0.58402,3.4261e-28,0.007092,-4.0321e-29,0.61799,5.7679e-28,0.43796,-9.6811e-29,-0.19224,-3.5423e-29
0.89,0.30487,8.4565e-28,0.5884,3.4165e-28,0.0051696,-4.0675e-29,0.61866,5.4466e-28,0.43355,-1.2711e-28,-0.18827,-3.3431e-29
0.9,0.31106,8.511e-28,0.59273,3.4037e-28,0.0032869,-4.101e-29,0.61914,5.1261e-28,0.4292,-1.5621e-28,-0.18424,-3.141e-29
0.91,0.31725,8.5622e-28,0.59702,3.3881e-28,0.0014445,-4.1324e-29,0.61945,4.8067e-28,0.42491,-1.8413e-28,-0.18017,-2.9369e-29
0.92,0.32345,8.6103e-28,0.60127,3.3697e-28,-0.00035716,-4.1617e-29,0.61958,4.4886e-28,0.42067,-2.1087e-28,-0.17606,-2.7315e-29
0.93,0.32964,8.6552e-28,0.60548,3.3486e-28,-0.0021177,-4.1891e-29,0.61955,4.1721e-28,0.41649,-2.3645e-28,-0.17191,-2.5257e-29
0.94,0.33584,8.6969e-28,0.60964,3.325e-28,-0.0038368,-4.2143e-29,0.61935,3.8575e-28,0.41237,-2.6089e-28,-0.16774,-2.32e-29
0.95,0.34203,8.7355e-28,0.61377,3.2989e-28,-0.0055142,-4.2375e-29,0.61899,3.545e-28,0.4083,-2.842e-28,-0.16354,-2.1152e-29
0.96,0.34822,8.7709e-28,0.61785,3.2705e-28,-0.0071495,-4.2587e-29,0.61847,3.2349e-28,0.40429,-3.0639e-28,-0.15932,-1.9118e-29
0.97,0.3544,8.8033e-28,0.62189,3.2398e-28,-0.0087428,-4.2778e-29,0.6178,2.9273e-28,0.40033,-3.2748e-28,-0.15509,-1.7105e-29
0.98,0.36058,8.8326e-28,0.6259,3.2071e-28,-0.010294,-4.2949e-29,0.61697,2.6224e-28,0.39642,-3.475e-28,-0.15086,-1.5118e-29
0.99,0.36675,8.8588e-28,0.62986,3.1723e-28,-0.011802,-4.31e-29,0.616,2.3206e-28,0.39257,-3.6645e-28,-0.14661,-1.3161e-29
1,0.37291,8.882e-28,0.63379,3.1357e-28,-0.013268,-4.3232e-29,0.61489,2.0219e-28,0.38876,-3.8436e-28,-0.14237,-1.1239e-29
1.01,0.37906,8.9022e-28,0.63767,3.0973e-28,-0.014692,-4.3344e-29,0.61364,1.7266e-28,0.38501,-4.0124e-28,-0.13814,-9.3566e-30
1.02,0.3852,8.9195e-28,0.64152,3.0571e-28,-0.016073,-4.3438e-29,0.61225,1.4348e-28,0.38131,-4.1713e-28,-0.13391,-7.5163e-30
1.03,0.39132,8.9338e-28,0.64534,3.0154e-28,-0.017413,-4.3513e-29,0.61073,1.1467e-28,0.37765,-4.3202e-28,-0.1297,-5.722e-30
1.04,0.39743,8.9453e-28,0.64911,2.9722e-28,-0.01871,-4.357e-29,0.60909,8.6239e-29,0.37405,-4.4596e-28,-0.1255,-3.9763e-30
1.05,0.40352,8.9539e-28,0.65285,2.9276e-28,-0.019965,-4.361e-29,0.60732,5.8211e-29,0.37049,-4.5895e-28,-0.12132,-2.2818e-30
1.06,0.40959,8.9597e-28,0.65656,2.8817e-28,-0.021178,-4.3633e-29,0.60543,3.0596e-29,0.36697,-4.7102e-28,-0.11717,-6.4076e-31
1.07,0.41565,8.9628e-28,0.66023,2.8346e-28,-0.022349,-4.3639e-29,0.60342,3.407e-30,0.36351,-4.8219e-28,-0.11304,9.4509e-31
1.08,0.42168,8.9631e-28,0.66386,2.7864e-28,-0.02348,-4.363e-29,0.60131,-2.3345e-29,0.36008,-4.9248e-28,-0.10894,2.4742e-30
1.09,0.42769,8.9608e-28,0.66746,2.7372e-28,-0.024569,-4.3605e-29,0.59908,-4.9648e-29,0.35671,-5.0192e-28,-0.10487,3.9454e-30
1.1,0.43368,8.9558e-28,0.67103,2.687e-28,-0.025618,-4.3565e-29,0.59675,-7.5493e-29,0.35337,-5.1053e-28,-0.10084,5.3576e-30
1.11,0.43965,8.9483e-28,0.67457,2.6359e-28,-0.026626,-4.3512e-29,0.59432,-1.0087e-28,0.35008,-5.1832e-28,-0.09685,6.7103e-30
1.12,0.44559,8.9382e-28,0.67807,2.5841e-28,-0.027595,-4.3445e-29,0.5918,-1.2577e-28,0.34683,-5.2532e-28,-0.092898,8.0031e-30
1.13,0.45151,8.9256e-28,0.68153,2.5315e-28,-0.028524,-4.3365e-29,0.58918,-1.5019e-28,0.34362,-5.3156e-28,-0.088989,9.2356e-30
1.14,0.4574,8.9106e-28,0.68497,2.4784e-28,-0.029414,-4.3272e-29,0.58647,-1.7411e-28,0.34045,-5.3705e-28,-0.085125,1.0408e-29
1.15,0.46327,8.8932e-28,0.68838,2.4247e-28,-0.030265,-4.3168e-29,0.58368,-1.9754e-28,0.33731,-5.4182e-28,-0.081309,1.1521e-29
1.16,0.46911,8.8734e-28,0.69175,2.3705e-28,-0.031078,-4.3053e-29,0.5808,-2.2046e-28,0.33422,-5.4589e-28,-0.077541,1.2574e-29
1.17,0.47491,8.8514e-28,0.69509,2.3159e-28,-0.031853,-4.2927e-29,0.57784,-2.4287e-28,0.33117,-5.4928e-28,-0.073826,1.3568e-29
1.18,0.48069,8.8271e-28,0.6984,2.261e-28,-0.032592,-4.2792e-29,0.57481,-2.6477e-28,0.32815,-5.5202e-28,-0.070163,1.4505e-29
1.19,0.48644,8.8006e-28,0.70168,2.2058e-28,-0.033293,-4.2646e-29,0.57171,-2.8616e-28,0.32517,-5.5412e-28,-0.066555,1.5384e-29
1.2,0.49216,8.772e-28,0.70494,2.1504e-28,-0.033959,-4.2493e-29,0.56854,-3.0702e-28,0.32222,-5.5561e-28,-0.063003,1.6207e-29
1.21,0.49784,8.7413e-28,0.70816,2.0948e-28,-0.034589,-4.2331e-29,0.56531,-3.2737e-28,0.31931,-5.565e-28,-0.059508,1.6975e-29
1.22,0.5035,8.7086e-28,0.71135,2.0392e-28,-0.035184,-4.2161e-29,0.56201,-3.4719e-28,0.31644,-5.5683e-28,-0.056073,1.769e-29
1.23,0.50912,8.6739e-28,0.71452,1.9835e-28,-0.035745,-4.1984e-29,0.55866,-3.6648e-28,0.31359,-5.5661e-28,-0.052698,1.8353e-29
1.24,0.5147,8.6372e-28,0.71765,1.9278e-28,-0.036272,-4.18e-29,0.55525,-3.8525e-28,0.31078,-5.5586e-28,-0.049384,1.8964e-29
1.25,0.52026,8.5987e-28,0.72076,1.8722e-28,-0.036765,-4.1611e-29,0.55179,-4.035e-28,0.30801,-5.546e-28,-0.046133,1.9527e-29
1.26,0.52577,8.5583e-28,0.72384,1.8168e-28,-0.037227,-4.1415e-29,0.54829,-4.2122e-28,0.30526,-5.5286e-28,-0.042945,2.0042e-29
1.27,0.53126,8.5162e-28,0.72689,1.7615e-28,-0.037656,-4.1215e-29,0.54473,-4.3841e-28,0.30255,-5.5066e-28,-0.039822,2.0511e-29
1.28,0.5367,8.4724e-28,0.72992,1.7064e-28,-0.038055,-4.101e-29,0.54114,-4.5508e-28,0.29987,-5.48e-28,-0.036763,2.0936e-29
1.29,0.54212,8.4269e-28,0.73292,1.6516e-28,-0.038422,-4.0801e-29,0.5375,-4.7123e-28,0.29722,-5.4492e-28,-0.033771,2.1319e-29
1.3,0.54749,8.3797e-28,0.73589,1.5971e-28,-0.03876,-4.0587e-29,0.53383,-4.8686e-28,0.2946,-5.4144e-28,-0.030844,2.1661e-29
1.31,0.55283,8.331e-28,0.73883,1.543e-28,-0.039068,-4.0371e-29,0.53013,-5.0198e-28,0.29201,-5.3756e-28,-0.027985,2.1964e-29
1.32,0.55813,8.2808e-28,0.74175,1.4892e-28,-0.039348,-4.0151e-29,0.5264,-5.1658e-28,0.28944,-5.3332e-28,-0.025193,2.2229e-29
1.33,0.56339,8.2292e-28,0.74465,1.4359e-28,-0.0396,-3.9929e-29,0.52263,-5.3067e-28,0.28691,-5.2872e-28,-0.022469,2.246e-29
1.34,0.56862,8.1761e-28,0.74752,1.383e-28,-0.039825,-3.9704e-29,0.51885,-5.4426e-28,0.2844,-5.238e-28,-0.019813,2.2656e-29
1.35,0.57381,8.1217e-28,0.75036,1.3306e-28,-0.040023,-3.9478e-29,0.51504,-5.5734e-28,0.28192,-5.1856e-28,-0.017225,2.2821e-29
1.36,0.57896,8.066e-28,0.75318,1.2788e-28,-0.040195,-3.9249e-29,0.51121,-5.6993e-28,0.27947,-5.1302e-28,-0.014706,2.2956e-29
1.37,0.58407,8.009e-28,0.75598,1.2275e-28,-0.040342,-3.902e-29,0.50736,-5.8202e-28,0.27705,-5.072e-28,-0.012255,2.3062e-29
1.38,0.58914,7.9508e-28,0.75875,1.1768e-28,-0.040465,-3.8789e-29,0.50349,-5.9363e-28,0.27465,-5.0112e-28,-0.0098737,2.3142e-29
1.39,0.59418,7.8914e-28,0.76149,1.1267e-28,-0.040563,-3.8558e-29,0.49962,-6.0475e-28,0.27228,-4.9479e-28,-0.007561,2.3197e-29
1.4,0.59918,7.8309e-28,0.76422,1.0772e-28,-0.040639,-3.8326e-29,0.49573,-6.154e-28,0.26993,-4.8823e-28,-0.0053171,2.3228e-29
1.41,0.60413,7.7694e-28,0.76691,1.0284e-28,-0.040692,-3.8094e-29,0.49184,-6.2557e-28,0.26761,-4.8145e-28,-0.0031419,2.3238e-29
1.42,0.60905,7.7068e-28,0.76959,9.8021e-29,-0.040724,-3.7861e-29,0.48794,-6.3529e-28,0.26532,-4.7448e-28,-0.0010354,2.3227e-29
1.43,0.61393,7.6433e-28,0.77224,9.3276e-29,-0.040734,-3.7629e-29,0.48403,-6.4454e-28,0.26305,-4.6732e-28,0.0010028,2.3198e-29
1.44,0.61877,7.5789e-28,0.77487,8.8603e-29,-0.040724,-3.7397e-29,0.48012,-6.5334e-28,0.2608,-4.5999e-28,0.0029727,2.3151e-29
1.45,0.62357,7.5135e-28,0.77748,8.4003e-29,-0.040694,-3.7165e-29,0.47622,-6.6169e-28,0.25858,-4.525e-28,0.0048746,2.3088e-29
1.46,0.62833,7.4473e-28,0.78007,7.9478e-29,-0.040646,-3.6935e-29,0.47231,-6.6961e-28,0.25638,-4.4487e-28,0.0067089,2.3011e-29
1.47,0.63306,7.3804e-28,0.78263,7.5029e-29,-0.040578,-3.6704e-29,0.46841,-6.771e-28,0.25421,-4.3711e-28,0.008476,2.2921e-29
1.48,0.63774,7.3127e-28,0.78517,7.0658e-29,-0.040494,-3.6475e-29,0.46452,-6.8416e-28,0.25206,-4.2924e-28,0.010176,2.2819e-29
1.49,0.64239,7.2443e-28,0.78769,6.6366e-29,-0.040392,-3.6247e-29,0.46063,-6.908e-28,0.24993,-4.2126e-28,0.01181,2.2706e-29
1.5,0.64699,7.1752e-28,0.79019,6.2153e-29,-0.040274,-3.602e-29,0.45675,-6.9704e-28,0.24782,-4.132e-28,0.013377,2.2583e-29
1.51,0.65156,7.1055e-28,0.79267,5.8021e-29,-0.04014,-3.5794e-29,0.45288,-7.0287e-28,0.24574,-4.0505e-28,0.014879,2.2452e-29
1.52,0.65609,7.0352e-28,0.79513,5.397e-29,-0.039991,-3.557e-29,0.44902,-7.0831e-28,0.24368,-3.9684e-28,0.016316,2.2313e-29
1.53,0.66058,6.9644e-28,0.79757,5.0002e-29,-0.039828,-3.5347e-29,0.44518,-7.1336e-28,0.24164,-3.8857e-28,0.017688,2.2167e-29
1.54,0.66503,6.893e-28,0.79998,4.6116e-29,-0.039651,-3.5125e-29,0.44135,-7.1804e-28,0.23963,-3.8026e-28,0.018997,2.2016e-29
1.55,0.66944,6.8212e-28,0.80238,4.2314e-29,-0.039461,-3.4905e-29,0.43754,-7.2234e-28,0.23763,-3.7191e-28,0.020242,2.1861e-29
1.56,0.67382,6.749e-28,0.80476,3.8595e-29,-0.039259,-3.4686e-29,0.43374,-7.2627e-28,0.23566,-3.6354e-28,0.021424,2.1701e-29
1.57,0.67816,6.6764e-28,0.80711,3.4959e-29,-0.039045,-3.4469e-29,0.42996,-7.2986e-28,0.23371,-3.5515e-28,0.022544,2.1538e-29
1.58,0.68246,6.6034e-28,0.80945,3.1408e-29,-0.038819,-3.4254e-29,0.42621,-7.3309e-28,0.23178,-3.4676e-28,0.023602,2.1373e-29
1.59,0.68672,6.5301e-28,0.81177,2.794e-29,-0.038583,-3.404e-29,0.42247,-7.3599e-28,0.22987,-3.3838e-28,0.0246,2.1206e-29
1.6,0.69094,6.4565e-28,0.81407,2.4556e-29,-0.038337,-3.3828e-29,0.41876,-7.3855e-28,0.22798,-3.3001e-28,0.025538,2.1037e-29
1.61,0.69513,6.3826e-28,0.81635,2.1256e-29,-0.038082,-3.3618e-29,0.41506,-7.4079e-28,0.22611,-3.2166e-28,0.026416,2.0868e-29
1.62,0.69928,6.3085e-28,0.81861,1.804e-29,-0.037818,-3.3409e-29,0.4114,-7.4271e-28,0.22426,-3.1334e-28,0.027235,2.0699e-29
1.63,0.7034,6.2343e-28,0.82085,1.4906e-29,-0.037545,-3.3202e-29,0.40775,-7.4433e-28,0.22243,-3.0506e-28,0.027997,2.053e-29
1.64,0.70747,6.1598e-28,0.82307,1.1856e-29,-0.037265,-3.2997e-29,0.40414,-7.4565e-28,0.22062,-2.9682e-28,0.028701,2.0362e-29
1.65,0.71152,6.0853e-28,0.82528,8.8877e-30,-0.036978,-3.2793e-29,0.40055,-7.4667e-28,0.21883,-2.8864e-28,0.029349,2.0195e-29
1.66,0.71552,6.0106e-28,0.82747,6.0013e-30,-0.036685,-3.2591e-29,0.39698,-7.4741e-28,0.21706,-2.8052e-28,0.029941,2.003e-29
1.67,0.71949,5.9359e-28,0.82964,3.1961e-30,-0.036385,-3.2391e-29,0.39345,-7.4787e-28,0.21531,-2.7246e-28,0.030479,1.9866e-29
1.68,0.72342,5.8611e-28,0.83179,4.7151e-31,-0.036081,-3.2192e-29,0.38994,-7.4807e-28,0.21358,-2.6448e-28,0.030962,1.9704e-29
1.69,0.72732,5.7863e-28,0.83393,-2.1733e-30,-0.035771,-3.1995e-29,0.38646,-7.48e-28,0.21187,-2.5658e-28,0.031392,1.9545e-29
1.7,0.73119,5.7115e-28,0.83605,-4.739e-30,-0.035457,-3.18e-29,0.38301,-7.4768e-28,0.21017,-2.4876e-28,0.03177,1.9388e-29
1.71,0.73502,5.6367e-28,0.83815,-7.2266e-30,-0.035139,-3.1606e-29,0.37959,-7.4711e-28,0.2085,-2.4103e-28,0.032096,1.9233e-29
1.72,0.73881,5.562e-28,0.84023,-9.6369e-30,-0.034818,-3.1413e-29,0.3762,-7.4631e-28,0.20684,-2.334e-28,0.032371,1.9082e-29
1.73,0.74258,5.4873e-28,0.8423,-1.1971e-29,-0.034495,-3.1223e-29,0.37284,-7.4527e-28,0.2052,-2.2586e-28,0.032596,1.8933e-29
1.74,0.74631,5.4128e-28,0.84435,-1.4229e-29,-0.034169,-3.1033e-29,0.36951,-7.4401e-28,0.20358,-2.1843e-28,0.032772,1.8788e-29
1.75,0.75,5.3384e-28,0.84639,-1.6414e-29,-0.033841,-3.0845e-29,0.36621,-7.4254e-28,0.20198,-2.1112e-28,0.0329,1.8645e-29
1.76,0.75366,5.2642e-28,0.84841,-1.8525e-29,-0.033512,-3.0659e-29,0.36294,-7.4085e-28,0.20039,-2.0391e-28,0.03298,1.8505e-29
1.77,0.75729,5.1901e-28,0.85041,-2.0564e-29,-0.033182,-3.0474e-29,0.35971,-7.3896e-28,0.19883,-1.9682e-28,0.033014,1.8369e-29
1.78,0.76089,5.1162e-28,0.8524,-2.2532e-29,-0.032852,-3.029e-29,0.3565,-7.3688e-28,0.19728,-1.8986e-28,0.033002,1.8235e-29
1.79,0.76445,5.0425e-28,0.85437,-2.4431e-29,-0.032522,-3.0108e-29,0.35333,-7.346e-28,0.19574,-1.8301e-28,0.032945,1.8105e-29
1.8,0.76799,4.969e-28,0.85633,-2.6261e-29,-0.032193,-2.9927e-29,0.35018,-7.3215e-28,0.19423,-1.763e-28,0.032844,1.7977e-29
1.81,0.77149,4.8958e-28,0.85827,-2.8024e-29,-0.031864,-2.9747e-29,0.34707,-7.2952e-28,0.19273,-1.6971e-28,0.0327,1.7853e-29
1.82,0.77496,4.8229e-28,0.8602,-2.9721e-29,-0.031537,-2.9568e-29,0.34399,-7.2672e-28,0.19125,-1.6326e-28,0.032514,1.7731e-29
1.83,0.7784,4.7502e-28,0.86211,-3.1354e-29,-0.031212,-2.9391e-29,0.34095,-7.2375e-28,0.18978,-1.5694e-28,0.032286,1.7612e-29
1.84,0.78181,4.6778e-28,0.86401,-3.2923e-29,-0.030889,-2.9215e-29,0.33793,-7.2063e-28,0.18833,-1.5076e-28,0.032017,1.7496e-29
1.85,0.78519,4.6058e-28,0.86589,-3.4431e-29,-0.030569,-2.904e-29,0.33494,-7.1736e-28,0.1869,-1.4472e-28,0.031709,1.7382e-29
1.86,0.78854,4.534e-28,0.86776,-3.5878e-29,-0.030252,-2.8866e-29,0.33198,-7.1394e-28,0.18548,-1.3883e-28,0.031363,1.7271e-29
1.87,0.79186,4.4626e-28,0.86962,-3.7266e-29,-0.029938,-2.8694e-29,0.32906,-7.1039e-28,0.18408,-1.3307e-28,0.030978,1.7162e-29
1.88,0.79515,4.3916e-28,0.87146,-3.8597e-29,-0.029628,-2.8522e-29,0.32616,-7.067e-28,0.18269,-1.2746e-28,0.030556,1.7055e-29
1.89,0.79841,4.3209e-28,0.87329,-3.9872e-29,-0.029323,-2.8351e-29,0.32329,-7.0288e-28,0.18132,-1.22e-28,0.030099,1.6951e-29
1.9,0.80164,4.2506e-28,0.8751,-4.1092e-29,-0.029022,-2.8182e-29,0.32046,-6.9894e-28,0.17996,-1.1668e-28,0.029605,1.6848e-29
1.91,0.80485,4.1807e-28,0.8769,-4.2258e-29,-0.028726,-2.8013e-29,0.31765,-6.9489e-28,0.17862,-1.1151e-28,0.029078,1.6747e-29
1.92,0.80802,4.1112e-28,0.87868,-4.3374e-29,-0.028435,-2.7846e-29,0.31487,-6.9072e-28,0.17729,-1.0649e-28,0.028517,1.6648e-29
1.93,0.81117,4.0422e-28,0.88046,-4.4438e-29,-0.02815,-2.7679e-29,0.31211,-6.8644e-28,0.17598,-1.0162e-28,0.027923,1.655e-29
1.94,0.81429,3.9735e-28,0.88222,-4.5455e-29,-0.027871,-2.7514e-29,0.30939,-6.8206e-28,0.17468,-9.6895e-29,0.027298,1.6453e-29
1.95,0.81739,3.9053e-28,0.88396,-4.6424e-29,-0.027598,-2.7349e-29,0.30669,-6.7758e-28,0.17339,-9.2321e-29,0.026642,1.6358e-29
1.96,0.82045,3.8376e-28,0.8857,-4.7347e-29,-0.027331,-2.7186e-29,0.30402,-6.7301e-28,0.17212,-8.7897e-29,0.025956,1.6264e-29
1.97,0.82349,3.7703e-28,0.88742,-4.8226e-29,-0.027072,-2.7023e-29,0.30137,-6.6835e-28,0.17086,-8.3622e-29,0.025241,1.6171e-29
1.98,0.82651,3.7034e-28,0.88913,-4.9062e-29,-0.026819,-2.6861e-29,0.29875,-6.6361e-28,0.16961,-7.9495e-29,0.024498,1.6078e-29
1.99,0.8295,3.6371e-28,0.89082,-4.9857e-29,-0.026574,-2.6701e-29,0.29615,-6.5879e-28,0.16838,-7.5518e-29,0.023727,1.5987e-29
2,0.83246,3.5712e-28,0.89251,-5.0612e-29,-0.026337,-2.6541e-29,0.29357,-6.5389e-28,0.16716,-7.1688e-29,0.022931,1.5895e-29
2.01,0.83539,3.5058e-28,0.89418,-5.1329e-29,-0.026108,-2.6382e-29,0.29102,-6.4891e-28,0.16595,-6.8006e-29,0.022109,1.5805e-29
2.02,0.8383,3.4409e-28,0.89584,-5.2009e-29,-0.025887,-2.6224e-29,0.28849,-6.4387e-28,0.16476,-6.447e-29,0.021262,1.5714e-29
2.03,0.84119,3.3765e-28,0.89749,-5.2654e-29,-0.025674,-2.6067e-29,0.28598,-6.3876e-28,0.16357,-6.1079e-29,0.020392,1.5624e-29
2.04,0.84405,3.3127e-28,0.89912,-5.3264e-29,-0.02547,-2.591e-29,0.28349,-6.3359e-28,0.1624,-5.7833e-29,0.0195,1.5534e-29
2.05,0.84688,3.2493e-28,0.90075,-5.3843e-29,-0.025275,-2.5755e-29,0.28102,-6.2836e-28,0.16124,-5.4729e-29,0.018585,1.5443e-29
2.06,0.84969,3.1865e-28,0.90236,-5.439e-29,-0.025089,-2.5601e-29,0.27857,-6.2308e-28,0.16009,-5.1768e-29,0.01765,1.5353e-29
2.07,0.85248,3.1241e-28,0.90396,-5.4908e-29,-0.024913,-2.5447e-29,0.27614,-6.1774e-28,0.15895,-4.8947e-29,0.016695,1.5262e-29
2.08,0.85524,3.0624e-28,0.90555,-5.5397e-29,-0.024746,-2.5294e-29,0.27372,-6.1235e-28,0.15782,-4.6264e-29,0.015722,1.5171e-29
2.09,0.85798,3.0011e-28,0.90713,-5.586e-29,-0.024589,-2.5143e-29,0.27132,-6.0692e-28,0.1567,-4.3718e-29,0.01473,1.5079e-29
2.1,0.86069,2.9404e-28,0.90869,-5.6297e-29,-0.024441,-2.4992e-29,0.26893,-6.0144e-28,0.15559,-4.1307e-29,0.013721,1.4988e-29
2.11,0.86338,2.8803e-28,0.91025,-5.671e-29,-0.024304,-2.4842e-29,0.26656,-5.9591e-28,0.15449,-3.903e-29,0.012697,1.4895e-29
2.12,0.86605,2.8207e-28,0.9118,-5.71e-29,-0.024177,-2.4693e-29,0.2642,-5.9035e-28,0.1534,-3.6884e-29,0.011657,1.4802e-29
2.13,0.86869,2.7617e-28,0.91333,-5.7469e-29,-0.024061,-2.4545e-29,0.26186,-5.8475e-28,0.15232,-3.4867e-29,0.010604,1.4708e-29
2.14,0.87131,2.7032e-28,0.91485,-5.7818e-29,-0.023955,-2.4398e-29,0.25952,-5.7912e-28,0.15124,-3.2977e-29,0.0095374,1.4614e-29
2.15,0.8739,2.6453e-28,0.91636,-5.8148e-29,-0.023859,-2.4252e-29,0.2572,-5.7345e-28,0.15018,-3.1212e-29,0.0084589,1.4519e-29
2.16,0.87647,2.5879e-28,0.91787,-5.846e-29,-0.023775,-2.4107e-29,0.25488,-5.6775e-28,0.14912,-2.9569e-29,0.0073694,1.4422e-29
2.17,0.87902,2.5312e-28,0.91936,-5.8756e-29,-0.023701,-2.3963e-29,0.25257,-5.6202e-28,0.14807,-2.8046e-29,0.0062699,1.4326e-29
2.18,0.88155,2.475e-28,0.92084,-5.9036e-29,-0.023638,-2.3819e-29,0.25027,-5.5626e-28,0.14702,-2.6641e-29,0.0051615,1.4228e-29
2.19,0.88405,2.4193e-28,0.92231,-5.9302e-29,-0.023587,-2.3677e-29,0.24798,-5.5047e-28,0.14598,-2.535e-29,0.0040451,1.4129e-29
2.2,0.88653,2.3643e-28,0.92377,-5.9556e-29,-0.023546,-2.3536e-29,0.24569,-5.4466e-28,0.14495,-2.4172e-29,0.0029219,1.403e-29
2.21,0.88899,2.3098e-28,0.92522,-5.9798e-29,-0.023517,-2.3395e-29,0.2434,-5.3882e-28,0.14392,-2.3103e-29,0.0017929,1.393e-29
2.22,0.89142,2.2559e-28,0.92666,-6.0029e-29,-0.023499,-2.3256e-29,0.24112,-5.3296e-28,0.1429,-2.2141e-29,0.00065912,1.3828e-29
2.23,0.89383,2.2027e-28,0.92809,-6.025e-29,-0.023492,-2.3118e-29,0.23884,-5.2708e-28,0.14188,-2.1282e-29,-0.00047833,1.3726e-29
2.24,0.89622,2.1499e-28,0.9295,-6.0463e-29,-0.023497,-2.2981e-29,0.23656,-5.2118e-28,0.14087,-2.0525e-29,-0.0016184,1.3623e-29
2.25,0.89859,2.0978e-28,0.93091,-6.0668e-29,-0.023513,-2.2844e-29,0.23427,-5.1525e-28,0.13986,-1.9866e-29,-0.0027599,1.352e-29
2.26,0.90093,2.0463e-28,0.93231,-6.0867e-29,-0.023541,-2.2709e-29,0.23199,-5.0931e-28,0.13885,-1.9301e-29,-0.0039019,1.3415e-29
2.27,0.90325,1.9954e-28,0.9337,-6.106e-29,-0.02358,-2.2575e-29,0.2297,-5.0334e-28,0.13784,-1.8828e-29,-0.0050431,1.3309e-29
2.28,0.90555,1.945e-28,0.93508,-6.1248e-29,-0.02363,-2.2442e-29,0.22741,-4.9736e-28,0.13684,-1.8445e-29,-0.0061825,1.3203e-29
2.29,0.90782,1.8953e-28,0.93645,-6.1433e-29,-0.023692,-2.231e-29,0.22512,-4.9136e-28,0.13584,-1.8146e-29,-0.0073189,1.3096e-29
2.3,0.91007,1.8462e-28,0.93781,-6.1614e-29,-0.023765,-2.2179e-29,0.22282,-4.8534e-28,0.13484,-1.793e-29,-0.0084513,1.2988e-29
2.31,0.9123,1.7976e-28,0.93915,-6.1793e-29,-0.02385,-2.2049e-29,0.22051,-4.7931e-28,0.13384,-1.7794e-29,-0.0095783,1.288e-29
2.32,0.9145,1.7497e-28,0.94049,-6.1971e-29,-0.023946,-2.192e-29,0.21819,-4.7325e-28,0.13284,-1.7733e-29,-0.010699,1.2771e-29
2.33,0.91669,1.7024e-28,0.94182,-6.2149e-29,-0.024053,-2.1792e-29,0.21587,-4.6718e-28,0.13184,-1.7744e-29,-0.011812,1.2661e-29
2.34,0.91885,1.6557e-28,0.94314,-6.2326e-29,-0.024171,-2.1666e-29,0.21353,-4.611e-28,0.13084,-1.7825e-29,-0.012916,1.2551e-29
2.35,0.92098,1.6095e-28,0.94445,-6.2504e-29,-0.0243,-2.154e-29,0.21119,-4.5499e-28,0.12983,-1.7972e-29,-0.014011,1.244e-29
2.36,0.92309,1.564e-28,0.94575,-6.2684e-29,-0.02444,-2.1416e-29,0.20883,-4.4887e-28,0.12882,-1.8181e-29,-0.015094,1.2328e-29
2.37,0.92518,1.5192e-28,0.94703,-6.2866e-29,-0.024591,-2.1293e-29,0.20645,-4.4273e-28,0.12781,-1.8449e-29,-0.016165,1.2217e-29
2.38,0.92725,1.4749e-28,0.94831,-6.305e-29,-0.024753,-2.1171e-29,0.20406,-4.3657e-28,0.1268,-1.8772e-29,-0.017222,1.2104e-29
2.39,0.92929,1.4312e-28,0.94958,-6.3238e-29,-0.024925,-2.1049e-29,0.20166,-4.304e-28,0.12578,-1.9148e-29,-0.018265,1.1992e-29
2.4,0.9313,1.3882e-28,0.95084,-6.3429e-29,-0.025108,-2.093e-29,0.19924,-4.2421e-28,0.12475,-1.9572e-29,-0.019292,1.1879e-29
2.41,0.9333,1.3458e-28,0.95209,-6.3625e-29,-0.0253,-2.0811e-29,0.1968,-4.18e-28,0.12372,-2.0041e-29,-0.020301,1.1765e-29
2.42,0.93526,1.304e-28,0.95332,-6.3826e-29,-0.025503,-2.0693e-29,0.19435,-4.1177e-28,0.12268,-2.0552e-29,-0.021293,1.1652e-29
2.43,0.93721,1.2628e-28,0.95455,-6.4031e-29,-0.025716,-2.0577e-29,0.19187,-4.0552e-28,0.12163,-2.1101e-29,-0.022264,1.1538e-29
2.44,0.93913,1.2222e-28,0.95577,-6.4242e-29,-0.025939,-2.0461e-29,0.18937,-3.9926e-28,0.12058,-2.1684e-29,-0.023215,1.1424e-29
2.45,0.94102,1.1823e-28,0.95697,-6.4459e-29,-0.026171,-2.0347e-29,0.18686,-3.9297e-28,0.11951,-2.2298e-29,-0.024144,1.131e-29
2.46,0.94289,1.143e-28,0.95817,-6.4682e-29,-0.026413,-2.0234e-29,0.18432,-3.8666e-28,0.11843,-2.2939e-29,-0.02505,1.1196e-29
2.47,0.94473,1.1043e-28,0.95935,-6.4911e-29,-0.026663,-2.0122e-29,0.18175,-3.8033e-28,0.11734,-2.3603e-29,-0.025931,1.1082e-29
2.48,0.94655,1.0663e-28,0.96052,-6.5147e-29,-0.026922,-2.0011e-29,0.17917,-3.7398e-28,0.11624,-2.4288e-29,-0.026786,1.0968e-29
2.49,0.94834,1.0289e-28,0.96169,-6.539e-29,-0.02719,-1.9901e-29,0.17656,-3.6761e-28,0.11512,-2.4989e-29,-0.027615,1.0854e-29
2.5,0.95011,9.9216e-29,0.96284,-6.564e-29,-0.027466,-1.9793e-29,0.17392,-3.6121e-28,0.11399,-2.5703e-29,-0.028416,1.074e-29
2.51,0.95184,9.5604e-29,0.96398,-6.5897e-29,-0.027751,-1.9685e-29,0.17125,-3.5479e-28,0.11285,-2.6427e-29,-0.029187,1.0626e-29
2.52,0.95356,9.2056e-29,0.96511,-6.6161e-29,-0.028042,-1.9579e-29,0.16856,-3.4835e-28,0.11168,-2.7156e-29,-0.029929,1.0512e-29
2.53,0.95524,8.8572e-29,0.96622,-6.6433e-29,-0.028342,-1.9474e-29,0.16584,-3.4188e-28,0.1105,-2.7887e-29,-0.030639,1.0398e-29
2.54,0.9569,8.5153e-29,0.96733,-6.6712e-29,-0.028648,-1.937e-29,0.1631,-3.3539e-28,0.1093,-2.8617e-29,-0.031316,1.0285e-29
2.55,0.95853,8.18e-29,0.96842,-6.6998e-29,-0.028961,-1.9267e-29,0.16032,-3.2887e-28,0.10808,-2.9342e-29,-0.03196,1.0171e-29
2.56,0.96014,7.8511e-29,0.9695,-6.7291e-29,-0.029281,-1.9166e-29,0.15752,-3.2232e-28,0.10684,-3.0059e-29,-0.032569,1.0058e-29
2.57,0.96171,7.5288e-29,0.97057,-6.7592e-29,-0.029607,-1.9065e-29,0.15468,-3.1575e-28,0.10557,-3.0765e-29,-0.033143,9.9449e-30
2.58,0.96326,7.213e-29,0.97163,-6.79e-29,-0.029938,-1.8966e-29,0.15181,-3.0915e-28,0.10428,-3.1455e-29,-0.033681,9.8321e-30
2.59,0.96478,6.9039e-29,0.97267,-6.8214e-29,-0.030275,-1.8867e-29,0.14891,-3.0252e-28,0.10296,-3.2127e-29,-0.034182,9.7196e-30
2.6,0.96626,6.6014e-29,0.9737,-6.8536e-29,-0.030617,-1.877e-29,0.14598,-2.9586e-28,0.10162,-3.2779e-29,-0.034644,9.6073e-30
2.61,0.96772,6.3055e-29,0.97471,-6.8863e-29,-0.030963,-1.8674e-29,0.14302,-2.8917e-28,0.10025,-3.3406e-29,-0.035069,9.4954e-30
2.62,0.96915,6.0163e-29,0.97572,-6.9197e-29,-0.031314,-1.8579e-29,0.14003,-2.8245e-28,0.098846,-3.4006e-29,-0.035454,9.3837e-30
2.63,0.97056,5.7339e-29,0.97671,-6.9537e-29,-0.031668,-1.8485e-29,0.137,-2.757e-28,0.097411,-3.4577e-29,-0.035799,9.2724e-30
2.64,0.97192,5.4582e-29,0.97768,-6.9883e-29,-0.032026,-1.8392e-29,0.13394,-2.6892e-28,0.095943,-3.5116e-29,-0.036105,9.1615e-30
2.65,0.97326,5.1892e-29,0.97864,-7.0234e-29,-0.032387,-1.8301e-29,0.13084,-2.6211e-28,0.094439,-3.562e-29,-0.036371,9.051e-30
2.66,0.97457,4.9271e-29,0.97958,-7.0591e-29,-0.032751,-1.821e-29,0.12771,-2.5527e-28,0.092899,-3.6089e-29,-0.036597,8.941e-30
2.67,0.97585,4.6719e-29,0.98051,-7.0951e-29,-0.033117,-1.8121e-29,0.12455,-2.484e-28,0.091319,-3.6519e-29,-0.036783,8.8315e-30
2.68,0.9771,4.4235e-29,0.98143,-7.1317e-29,-0.033485,-1.8033e-29,0.12136,-2.4149e-28,0.089699,-3.6911e-29,-0.03693,8.7226e-30
2.69,0.97831,4.182e-29,0.98232,-7.1686e-29,-0.033854,-1.7945e-29,0.11812,-2.3455e-28,0.088036,-3.7262e-29,-0.037038,8.6143e-30
2.7,0.97949,3.9474e-29,0.9832,-7.2058e-29,-0.034225,-1.7859e-29,0.11486,-2.2758e-28,0.086329,-3.7573e-29,-0.037108,8.5067e-30
2.71,0.98064,3.7198e-29,0.98407,-7.2434e-29,-0.034596,-1.7774e-29,0.11156,-2.2057e-28,0.084574,-3.7842e-29,-0.037141,8.4e-30
2.72,0.98175,3.4993e-29,0.98491,-7.2813e-29,-0.034967,-1.769e-29,0.10823,-2.1353e-28,0.08277,-3.8072e-29,-0.037139,8.2942e-30
2.73,0.98284,3.2857e-29,0.98574,-7.3193e-29,-0.035338,-1.7607e-29,0.10486,-2.0646e-28,0.080915,-3.8263e-29,-0.037104,8.1896e-30
2.74,0.98389,3.0793e-29,0.98655,-7.3576e-29,-0.035709,-1.7525e-29,0.10146,-1.9936e-28,0.079006,-3.8416e-29,-0.037037,8.0862e-30
2.75,0.9849,2.8799e-29,0.98734,-7.396e-29,-0.03608,-1.7444e-29,0.098027,-1.9222e-28,0.077041,-3.8534e-29,-0.036942,7.9844e-30
2.76,0.98588,2.6877e-29,0.98811,-7.4345e-29,-0.036449,-1.7365e-29,0.094559,-1.8505e-28,0.075018,-3.8622e-29,-0.036822,7.8843e-30
2.77,0.98683,2.5027e-29,0.98886,-7.4732e-29,-0.036818,-1.7286e-29,0.091057,-1.7784e-28,0.072932,-3.8682e-29,-0.03668,7.7862e-30
2.78,0.98774,2.3248e-29,0.98959,-7.5118e-29,-0.037184,-1.7208e-29,0.087523,-1.7061e-28,0.070783,-3.8721e-29,-0.03652,7.6904e-30
2.79,0.98861,2.1542e-29,0.9903,-7.5506e-29,-0.037549,-1.7131e-29,0.083956,-1.6334e-28,0.068567,-3.8745e-29,-0.036348,7.5974e-30
2.8,0.98945,1.9909e-29,0.99098,-7.5893e-29,-0.037913,-1.7055e-29,0.080357,-1.5604e-28,0.06628,-3.8762e-29,-0.036169,7.5075e-30
2.81,0.99025,1.8348e-29,0.99165,-7.6281e-29,-0.038275,-1.698e-29,0.076725,-1.487e-28,0.06392,-3.878e-29,-0.03599,7.4212e-30
2.82,0.99102,1.6861e-29,0.99228,-7.6668e-29,-0.038635,-1.6906e-29,0.073062,-1.4134e-28,0.061484,-3.8808e-29,-0.035815,7.339e-30
2.83,0.99175,1.5448e-29,0.9929,-7.7057e-29,-0.038993,-1.6832e-29,0.069367,-1.3394e-28,0.058968,-3.8856e-29,-0.035653,7.2614e-30
2.84,0.99245,1.4109e-29,0.99349,-7.7445e-29,-0.039349,-1.676e-29,0.065641,-1.2651e-28,0.056369,-3.8932e-29,-0.035508,7.1889e-30
2.85,0.9931,1.2843e-29,0.99405,-7.7834e-29,-0.039704,-1.6688e-29,0.061885,-1.1906e-28,0.053683,-3.9042e-29,-0.035387,7.122e-30
2.86,0.99372,1.1653e-29,0.99459,-7.8225e-29,-0.040058,-1.6617e-29,0.058098,-1.1157e-28,0.050907,-3.919e-29,-0.035291,7.0609e-30
2.87,0.9943,1.0537e-29,0.9951,-7.8617e-29,-0.040411,-1.6546e-29,0.054281,-1.0405e-28,0.048035,-3.9373e-29,-0.035222,7.0058e-30
2.88,0.99485,9.4967e-30,0.99558,-7.9011e-29,-0.040763,-1.6476e-29,0.050435,-9.65e-29,0.045065,-3.9583e-29,-0.035176,6.9566e-30
2.89,0.99535,8.5317e-30,0.99603,-7.9406e-29,-0.041115,-1.6406e-29,0.046559,-8.8922e-29,0.041992,-3.9806e-29,-0.035147,6.9128e-30
2.9,0.99582,7.6425e-30,0.99645,-7.9804e-29,-0.041467,-1.6337e-29,0.042654,-8.1314e-29,0.038812,-4.002e-29,-0.035127,6.8738e-30
2.91,0.99624,6.8293e-30,0.99684,-8.0205e-29,-0.041818,-1.6269e-29,0.038721,-7.3678e-29,0.03552,-4.0201e-29,-0.035104,6.8389e-30
2.92,0.99663,6.0926e-30,0.99719,-8.0607e-29,-0.042169,-1.62e-29,0.034759,-6.6012e-29,0.032112,-4.0326e-29,-0.035068,6.8073e-30
2.93,0.99698,5.4325e-30,0.99751,-8.101e-29,-0.04252,-1.6132e-29,0.030768,-5.8317e-29,0.028584,-4.0374e-29,-0.03501,6.7783e-30
2.94,0.99728,4.8493e-30,0.9978,-8.1414e-29,-0.04287,-1.6064e-29,0.02675,-5.0594e-29,0.02493,-4.0332e-29,-0.034928,6.7516e-30
2.95,0.99755,4.3433e-30,0.99805,-8.1817e-29,-0.043219,-1.5997e-29,0.022704,-4.2844e-29,0.021147,-4.0199e-29,-0.034824,6.7274e-30
2.96,0.99778,3.9149e-30,0.99826,-8.2219e-29,-0.043567,-1.5929e-29,0.018631,-3.5065e-29,0.017231,-3.9987e-29,-0.034707,6.7064e-30
2.97,0.99797,3.5643e-30,0.99843,-8.2619e-29,-0.043914,-1.5862e-29,0.014531,-2.726e-29,0.01318,-3.9726e-29,-0.034597,6.6901e-30
2.98,0.99811,3.2916e-30,0.99856,-8.3016e-29,-0.04426,-1.5796e-29,0.010404,-1.9428e-29,0.0089912,-3.9465e-29,-0.034526,6.6811e-30
2.99,0.99821,3.0974e-30,0.99865,-8.3411e-29,-0.044605,-1.5729e-29,0.0062509,-1.157e-29,0.0046693,-3.9279e-29,-0.034535,6.683e-30
3,0.99828,2.9817e-30,0.9987,-8.3803e-29,-0.044951,-1.5662e-29,0.0020701,-3.6836e-30,0.00023626,-3.9267e-29,-0.034683,6.7005e-30
